ID,LABEL
67,marco
104,christefano
188,bertboerland
227,killes@www.drop.org
345,drupalwatchdog
409,Jeremy
740,heather
972,deekayen
2663,BÃ¨r Kessels
2696,batje
3064,drumm
3313,joshk
3555,Robert Castelo
4063,kbahey
4166,GÃ¡bor Hojtsy
4367,DarKFlameS
4420,mikeryan
4481,nedjo
4649,oadaeh
5973,trailerparkopera
6225,claudinec
7074,seanr
8204,sajt
8389,Kristen Pol
8737,xqus
8791,sillygwailo
9446,chx
9740,pfaocle
10692,zirafa
10848,steveparks
11504,flickerfly
13164,budda
13980,aries
14767,shrop
15171,jmarkel
16327,instanceofjamie
16734,jrbeeman
16747,fago
16880,JimSmith
17028,Jon Pugh
17849,ahoppin
17943,Heine
18981,dalin
19580,suzanne.aldrich
20159,leoburd
20908,samwilson
20975,agentrickard
21559,alexfc
21629,gobinathm
21673,KentBye
21850,Frando
22093,shumushin
22137,gusaus
22175,batigolix
23570,Michelle
23728,Sweetchuck
23897,ebeyrent
24967,webchick
25735,fragtom
26089,Arto
26398,Crell
27895,foxtrotcharlie
27930,mgifford
27985,fgm
28229,ergophobe
28233,Harry Slaughter
28506,rootwork
29899,nonsie
30158,mike stewart
30236,dcolburn
30906,rfay
32095,JohnAlbin
32494,metzlerd
32849,simplulo
33240,dman
33570,eliza411
34622,frazras
34869,drewish
35077,mzenner
35266,sime
35488,ohthehugemanatee
36036,Sree
36088,kvanderw
36590,jrglasgow
36762,greggles
36856,kaare
38665,echoz
39078,NITEMAN
39567,yched
40765,kdmarks
41502,yoroy
41519,stevepurkiss
42327,steveoliver
43559,pflame
44261,Rob_Feature
45006,apratt
45640,japerry
45996,Vacilando
46549,dww
46938,stoptime
47194,Pol
48411,rgs
48446,israelshmueli
48643,smokinggoat
48673,neclimdul
48898,smk-ka
49282,bmadore
49344,rszrama
49817,jonhattan
49851,pwolanin
52142,scor
53339,thamas
53372,Riaan Burger
53892,Dave Reid
54136,sun
55284,siliconmeadow
56020,jpetso
56441,amitgoyal
56503,rubyji
57956,Sam Moore
58600,populist
58654,nevergone
58679,mikl
58977,decibel.places
59215,pp
59747,mh86
59864,garphy
60422,BTMash
60728,Aciid
61114,RobLoach
61203,EclipseGc
61393,Jeff Burnz
62483,Wolfflow
62496,mikey_p
62965,Xano
63971,elly
64383,mlncn
65088,add1sun
65451,noomz
65470,Senpai
65776,xjm
66273,rachel_norfolk
66880,bdgreen
68459,glennpratt
68621,Sc0tt
68905,mhrabovcin
68912,JacobSingh
69463,freescholar
69496,mariano.barcia
69706,drubb
69959,ezra-g
70190,cmseasy
70474,robbiethegeek
71563,nickl
71764,criz
72475,dfletcher
72810,pdjohnson
72871,Andrew_Mallis
72964,eternalistic
73183,slantview
73545,Sharique
73854,Sutharsan
74392,cwells
74669,steinmb
76026,xurizaemon
76245,mrf
77320,marcingy
77453,cgalli
77599,artis
77785,Shawn DeArmond
77805,setvik
78665,dnewkerk
78965,opratr
81456,mogdesign
82964,salvis
82971,dokumori
83474,derhasi
84263,Les Lim
84886,thehong
85586,jenlampton
85730,Shyamala
86106,bojanz
86970,Ivan Zugec
87203,oskar_calvo
87585,lucascaro
87969,Bojhan
88338,Matt V.
88701,ximo
88931,Jacine
91990,coltrane
93488,vijaycs85
94289,rvb
95785,dvogelca
96002,Offlein
98730,ifrik
98799,lokapujya
99340,dawehner
99777,Wim Leers
100267,vengador
100291,dipen chaudhary
100919,exaboy
101412,NancyDru
103553,grndlvl
103634,valderama
104378,liberatr
105524,eatings
105777,asrob
106070,DigitalFrontiersMedia
106134,derjochenmeyer
106885,xulispa
107158,tstoeckler
107229,BarisW
107403,swentel
107667,aschiwi
107780,mbyrnes
108450,DamienMcKenna
109248,alippai
109335,KayL
109870,katherined
109890,sreynen
110386,Alex UA
110518,stevecowie
111145,zorp
111437,fureigh
112063,frankcarey
112345,kattekrab
112352,NormySan
112500,Jody Lynn
113268,justinchev
114207,aloyr
114444,lauggh
115695,valdo
115856,osopolar
116002,podarok
116053,zchandler
116201,joshmelbs
116231,Mile23
116397,BÃ¨s
116893,rlnorthcutt
117368,Chris Luckhardt
118398,gdemet
118857,rokr
118908,andypost
119432,finn.lewis
120351,JayVGee
120651,beeradb
122101,pcambra
122464,jcnventura
122682,Nick_vh
123987,Iztok
125378,afox
125751,aaki
126783,japo32
127091,awasson
127556,pearcraft
128191,kscheirer
128537,heyrocker
128652,blueminds
129088,minorOffense
129588,cam8001
130342,maxtorete
130909,ipwa
132175,marvil07
133806,8thom
134177,dsnoeck
134782,momfer
135190,ivanjaros
138216,karschsp
138230,swirt
138305,valgibson
138388,jackbravo
139189,realityloop
139855,ksenzee
140080,mchoffa
141706,grantkruger
143056,marketter
143172,matt2000
143496,lunk_rat
145613,trrroy
146719,sdboyer
147794,oseldman
148199,jthorson
149225,sk33lz
149580,ajesh
150331,balapalanisamy
150473,vordude
151671,n8tron
151868,acouch
152678,focal55
153116,ashepherd
153120,janusman
153888,ardnet
153963,ultimateboy
153998,Itangalo
154069,aaronott
154086,dagmar
155601,jhodgdon
156237,vasike
156600,illmasterc
157725,alexpott
157846,chipk
158153,marcvangend
158886,arianek
159507,fusionx1
159638,dan_lennox
160302,joelpittet
160479,mcjim
160918,petrpo
161058,justafish
161263,bbinkovitz
161913,smokris
162357,lut4rp
163683,jat32
163839,parisek
164217,bwood
165145,sylvain_a
165811,afeijo
165878,srjosh
166970,eporama
168440,MrHaroldA
169037,micnap
169668,RockSoup
172312,Simon Georges
172527,aspilicious
172987,katbailey
173461,entendu
175891,redhatmatt
175968,tshields
176391,darrylri
177088,delzhand
177445,julien
181454,grimfandango
181798,forestmonster
183211,plach
183956,tobiasb
184527,SamLerner
185336,akronym
186334,jemond
186970,Gold
188162,Josh Waihi
188603,Susan MacPhee
191182,JeffSheltren
191212,Garrett Albright
191261,davidneedham
191498,mraichelson
191552,rmontero
191965,aleksip
195261,missWilder
196837,kccmcck
197160,capynet
199064,sarah_p
199303,Boobaa
201481,domesticat
202205,cYu
205582,drunken monkey
205645,phenaproxima
206687,markie
208387,shariharan
208568,rbordallo
208732,jhedstrom
209141,kostajh
210402,lolandese
210464,ccosta
210499,chriscalip
210687,christopherhill
212019,Mark Trapp
213194,Manuel Garcia
214652,Berdir
216580,lotyrin
218259,Sakrecoer
218368,C_Logemann
218525,cafuego
219410,BioMac411
220119,oshelach
220136,saitanay
220177,jwilson3
220747,Bodigiti
221967,Ehud
222661,shanford
222962,ibbwebguy
224499,Kars-T
224754,jnicola
226712,Arla
226976,ZenDoodles
227416,majorhallux
227761,miro_dietiker
227814,pwieck
227849,timmillwood
228295,dasjo
228431,alfababy
228712,skyredwang
229127,radimklaska
231429,yvesvanlaer
232224,c-c-m
233651,Swampcritter
234000,disasm
234472,thijsvdanker
234751,maindeepak
235047,c4rl
235345,tengoku
235438,supercabbageuk
236439,javieras
236758,TravisCarden
237346,Lauro Scott-Parkin
238018,mlopez.oller
238033,noslokire
238439,jjcarrion
238638,justindodge
239562,valthebald
239911,dixon_
239962,OnkelTem
240860,tedbow
241220,galooph
241276,dermario
241634,tim.plunkett
241652,ronaldmulero
242659,arlinsandbulte
243255,stewsnooze
243377,frega
243500,jtherkel
244227,TwoD
244460,ericduran
244597,SteffenR
246154,webkenny
248932,Johnny vd Laar
249517,frob
249768,attheshow
251087,el7cosmos
251739,Unitoch
252608,Nick Rhind
252788,brantwynn
253430,daven
254158,ChandeepKhosa
255733,jaimeguzman
255969,mcdruid
256027,lpalgarvio
258167,mrsimonelliott
258172,mmcdermott
258364,hexabinaer
258568,YesCT
259511,scottm316
261457,CrashTest_
262120,zserno
262198,klausi
262245,BrightBold
263678,opi
264148,seutje
264569,miniwebs2
265008,forestmars
265171,selvakumar
265648,andrewmacpherson
266527,dsnopek
266779,cpliakas
266803,JoshuaBud
267416,derheap
267481,kalman.hosszu
270024,Alex Malkov
271230,darthclue
271282,froboy
271780,krlucas
272357,Quevin
273404,erikwebb
274559,davidhernandez
275226,kathc
275249,Bastlynn
275619,avguy
276698,kim-day
276995,chipway
277051,DyanneNova
278167,nagwani
278343,dreamlabs
279881,sunset_bill
282415,plopesc
282629,Primsi
286912,orangeada
288060,DeeZone
288260,Bowevil
290182,Devin Carlson
290961,Tor Arne Thune
293298,rvilar
297364,willwh
298263,ivanstegic
298711,BertVK
298736,JWSmith
298852,techgirlgeek
299157,schrammos
299685,sanraj25
302114,romeumello
304933,larsdesigns
307428,R.Hendel
309506,dariosantacruz
309607,Artusamak
310312,sylv3st3r
310465,wheels394
310720,jover
312340,WigglyKoala
313975,ao5357
314031,hussainweb
314289,mstrelan
315047,joshmiller
315522,mxr576
320051,jackfoust
320775,manningpete
322017,dstotijn
322039,danylevskyi
322618,Stalski
325151,RoSk0
325244,mpdonadio
325832,dwightaspinwall
327076,zakiya
327191,stupiddingo
328724,sivaji@knackforge.com
329051,sethfisher
329481,Sethie
329570,dstol
331228,nathanjo
333159,manimejia
334111,karthikkumarbodu
334965,jerdiggity
334971,headly
336254,kbasarab
336910,markconroy
337589,westis
339326,Dane Powell
339335,ivansf
339714,sylus
339798,rahulbile
340531,LinL
340667,jdcreativity
341085,Coornail
341229,david.lukac
341395,5n00py
342613,rahul.shinde
345239,ttamniwdoog
346106,markdorison
346803,danillonunes
348120,antoniogr
348228,fastangel
349968,mrconnerton
350126,skipyT
350444,lduerig
351388,douglascramer
353190,Elijah Lynn
353589,x.algorithm
354059,evlad
354424,zerolab
354705,welly
355033,peaton
355880,mew_fla
358721,mukesh.agarwal17
359881,mpp
360690,jherencia
360968,mdrummond
361659,ajspadial
362044,balleyne
362406,pontus_nilsson
362649,fenstrat
365356,archunan
366134,lajpatdhingra
366639,shanethehat
366695,rterman
367108,j. ayen green
367215,peezy
367287,CocoaBean
367646,bkonetzny
368076,waako
368613,ergonlogic
369147,a_L_p
370574,kim.pepper
370767,nguerrero
373733,basic
374355,m0d
376347,pguillard
376463,Aimee Degnan
376907,dcmouyard
377795,gbaudoin
378397,duozersk
378998,scottalan
381388,opdavies
382067,pfrenssen
382217,TommyK
382686,conorc
384871,zzrwood
385468,chadhester
386004,babruix
386230,googletorp
386375,nielsonm
387593,marthinal
388134,gauravvdeshpande
388249,soulston
388753,bserem
389011,geerlingguy
390591,trevorkjorlien
391231,mojzis
391689,Mixologic
392790,denix
393446,rivimey
395031,AlessMascherpa
395392,BigMike
395432,juhovaltonen
395439,larowlan
396673,omasjuan
397618,Cyberschorsch
398101,dark_kz
400240,skjalf
400626,p4trizio
400881,yosia_ken
403301,rachit_gupta
403838,roger.soper
403881,alarez
404732,cweagans
406120,Danny Englander
406275,nottaken
406343,madhavvyas
407020,pianomansam
408170,rodrigoaguilera
409433,Dragan Eror
409554,gisle
409701,Daniel Bornman
410185,Manish
410433,bchezem
411448,rodrigo panchiniak fernandes
411999,rupl
412171,SebCorbin
412235,Turek
412272,tinefin
412402,Ryan Weal
412465,dddave
413139,tlyngej
413359,kabarca
414074,Romisha
414226,macjules
416894,cloudbull
417315,jrdixey
417693,dooug
417926,joeland
418511,malcomio
419305,cspitzlay
419876,JeremyFrench
419993,vincenzo_bluespark
420061,executiveBarbarian
420365,Petr Illek
421070,cashwilliams
422339,eneko1907
422459,rjacobs
425798,kthull
426434,mmenavas
426817,pdrake
427536,zeropx
429502,Albert Volkman
429843,pradeeprkara
430714,diamondsea
431210,GaÃ«lG
431630,douglaschoffman
433663,drastik
433682,joetoday
434354,joshuami
438598,greg.1.anderson
440810,eleonel
447070,bendygirl
451340,menapia
454730,lquessenberry
455130,Kendall Totten
457434,timwood
459940,gkaas
460388,andy@andyhawks.com
461594,asenseofdesign
462094,daveparrish
462700,StryKaizer
464618,h3rj4n
466258,heyMP
466268,cmejo
467650,MrPaulDriver
468426,MattDanger
468982,abhishek-anand
473738,twistor
474296,dcor
485222,lisarex
485650,serundeputy
487058,carwin
491720,vegantriathlete
492012,the_g_bomb
495716,t14
496408,wuinfo
498926,akalata
498942,tsvensen
501638,markcarver
502442,linneawilliams
502506,chony
504278,DanChadwick
507086,Charles Gantt
509070,umar.adil
511760,barraponto
512828,sepgil
514568,izus
516442,rgristroph
517314,dillonkin
521370,woeldiche
525170,rainbreaw
526278,moranimation
527206,lsolesen
527776,luckow
531640,deepakjoshi
533416,arpieb
535820,kvanniarajan
536168,ReeceMarsland
536298,mparker17
536990,John Cook
539474,davidam
539502,omega8cc
543486,ajaybmishra25
547088,joelwallis
547092,tom_eric
547138,gapa
547544,anthonyalbertyn
549850,mikkopaltamaa
549944,rupertj
550640,Geijutsuka
551936,marji
552052,m1n0
553954,caionalves
556088,mrded
557472,sushyl
562168,evanmwillhite
562544,hey_germano
563782,drupalmonkey
563798,angel.h
567438,richard.c.allen2386
568110,juankvillegas
568228,lazysoundsystem
568798,claar
569688,capitalfellow
570956,epari.siva
571032,arshadcn
571892,scottrouse
572530,Yoshi
572828,ajwn
573464,matglas86
574066,Tom Verhaeghe
574124,DmitryDrozdik
574650,andrefy
574814,chakrapani
576560,richardhayward
577844,aburrows
578944,johnnydarkko
581242,iMiksu
584072,dhouse109
584974,chasingmaxwell
589074,revagomes
592104,Tessa Bakker
592268,james.williams
592574,asplamagnifique
592948,kplanz
593242,pierrelbz
595374,leon.nk
595476,cconrad
597730,dead_arm
597816,markgukov
598310,nod_
599438,ndf
599846,retorque
600374,jfarry
601548,petermallett
602798,BeWhy
604700,Rade
608670,njmahesh
609056,SpartyDan
610838,philalonso
613622,djvern
613760,balintk
616908,karengreen
616996,mducharme
618924,dmouse
619702,kfritsche
619710,David Jeyachandran
622526,roynilanjan
622826,hmartens@gmail.com
623820,arkiii
624216,Robert DeArmond
624318,huijing
625440,Artnetik
627430,tkoleary
627616,icampana
628622,chowdhuriarijit
631020,VikrantR
632928,vj_pdx
633216,rli
634642,jleiva
635308,TimLeytens
636202,hairqles
639254,erinclerico
643820,Schnitzel
644012,jackrocha
651230,borisbaldinger
651832,viewattselevel
652554,kyuubi
653778,seanhellwig
657078,kristianb21
657782,thedavidmeister
660472,BrockBoland
661820,dscl
663278,victoru
663972,mzwyssig
665074,trgreen17
666176,ricardoamaro
667986,Arnaud Kali
668676,Sir-Arturio
670160,JGonzalez
671396,luchochs
672052,Johnnie_Fox
672908,juliusvaart
672996,pwaterz
675568,brickowski
680072,rickmanelius
681326,eddie_c
682736,juampynr
687670,bdone
688610,willembressers
689684,dboeger
689720,carsonw
690418,migueltrindade
691282,spaceninja
692278,Luukyb
699286,iflista
699674,Brolag
699770,Bartuc
700416,petu
702354,kae76
703680,vgriffin
704910,sascher
707120,stevieg_83
709702,trogels
710368,reszli
710680,mori
712186,jyee
712454,achton
717290,loopduplicate
718388,imadalin
719888,amklose
720546,nerdacus
720558,elguil
720712,Dave Bagler
721056,ahemnell
721548,wouters_f
723426,Fons Vandamme
724666,yogeshchaugule8
724750,lliss
726432,chrisfree
727842,bluesomewhere
729614,amateescu
730718,abhishek.kumar
731000,mtylenda
731188,unobot
732996,BiigNiick
733370,bhosmer
735352,pakmanlh
735996,mdooley
738462,timbrandin
738650,henk
739994,wizonesolutions
740628,drozas
741478,jnettik
744628,slashrsm
745076,shams022
745218,tarekdj
746326,Nath15
747308,berkas1
748566,jessebeach
748692,tvlooy
749470,kiwimind
750068,iAugur
751266,cnwani
751908,mtift
751960,pavlosdan
751964,LewisNyman
752140,esod
752364,stpaultim
755184,guy_schneerson
755464,Ashish sandil
757938,rmarques
758014,3ssom
758986,kpv
759774,Abhishek Verma
760600,chrisjlee
761810,davedotdream
762570,jamesdixon
763420,pmagunia
765144,betoscopio
765174,mayur.pimple
765584,johndtaylor
768548,Bryn Vertesi
768780,heilop
774052,mark.cameron
774582,jgunawan
774886,yzonecas
779298,thanhtek
780004,merauluka
780508,rteijeiro
782670,Liaz
786724,Kleve
789384,joegraduate
789986,Mac_Weber
794144,pmackay
796148,Ayesh
796160,anavarre
796872,nlisgo
797980,nibo
801220,sunnz
801982,Dom.
804134,brisho
804280,isimgt
805540,jrearick
807452,bskibinski
808668,andyg5000
810676,Spleshka
351327,AaronELBorg
363120,grzegorz.bartman
486726,surendramohan
639098,mohit_aghera
707958,chilukuri
813560,korgik
813890,wjaspers
814076,chintan4u
814290,mallezie
816112,firelf
818836,gdf
819564,kalanh
820200,prathK
820332,Snugug
820356,kgoel
820752,Transition
823694,lexfunk
824390,ivanchaer
824780,jgSnell
826222,czigor
826568,tidrif
829152,gremy
829186,posulliv
829198,Jelle_S
832170,sarav.din33
834002,jbloomfield
834154,jorgegc
839766,criana
840252,swarad07
841054,Jaesin
841382,franxo
843624,x7ian
844484,dobrzyns
845142,nmudgal
845380,Noe_
846056,ken.weigand@hotmail.com
848238,grisendo
850520,anwar_max
850608,ceaucari
850856,alexweber
856112,itpromanager
856454,queenvictoria
856734,WebEvt
858502,akmalfikri
858604,woprrr
864138,amagdy
864752,Yoran Scholiers
866306,EthanT
868342,dcooley
869224,TheodorosPloumis
870640,allenthehusband
871988,Caveat4U
872688,Pierre Paul Lefebvre
873104,harshil.maradiya
873816,Digital Fire
874262,k.dani
874556,ScottLozier
878438,rohit.wadhwa
880306,goldlilys
881620,tsphethean
885728,sihv
888364,t0xicCode
890274,rudiedirkx
896508,wodenx
897726,sachin00700
898386,elgandoz
900582,amardhumal
901100,Josias
903844,vlad.dancer
905998,SamH
909522,dinarcon
913078,prabeen.giri
913084,bfodeke
913844,juanolalla
918342,gboudrias
918830,cedric_a
920070,purabkharat
922908,dclavain
923506,theladebug
924250,daniel.abadie
927032,ReneW
927110,hmayer
928682,drabik
928864,javdich
931394,DuaelFr
935934,aneek
940324,laughnan
941916,asherry
942200,man-1982
945606,a_thakur
950510,rajatparida
951734,douglaspilar
953000,adamwhite
953204,jesse.d
956506,dsudheesh
957586,evucan
959536,penyaskito
960720,Marty2081
965290,nitvirus
965660,h4ck3rm1k3
967058,Stephanie_42
971338,ursula
972238,cmak
980844,weekbeforenext
981944,AjitS
992732,justdigital
992990,gnuget
993436,chapabu
994278,odabasi
995074,zaurav
995722,crowdcg
996516,shanly
997008,tssarun
997128,teroelonen
998946,thmnhat
999848,tvn
1001014,jn2
1004418,er.pushpinderrana
1004738,mikran
1006244,sandykadam
1009348,efpapado
1009760,G-raph
1010092,betovarg
1012210,splatio
1012424,megansanicki
1014606,jpontani
1015140,Vj
1015742,henokmikre
1018148,tayljay
1018262,geraldvillorente
1018396,swing4cat
1019536,FreekyMage
1021394,fernando iglesias
1024156,AndreyMaximov
1025236,pjcdawkins
1025508,moymilo
1029484,mortona2k
1030184,gmoreno
1030276,humansky
1031308,tapscolaM
1034826,panche
1037976,damiankloip
1039472,cubeinspire
1040142,Darius Garza
1041564,hanpersand
1045032,alanmackenzie
1045484,cbiggins
1047508,rols
1050514,TaraRowell
1050564,nitingoyal
1059398,awm
1068918,rikki_iki
1069334,Nitesh Pawar
1072104,danilenko_dn
1072744,morgothz
1073608,leex
1078742,lauriii
1081320,nidhi.badani
1082714,vrwired
1083990,nikkubhai
1093166,mkadin
1097688,DarthDrupal
1097732,geekyMoa
1099612,rbmboogie
1102202,magellen
1105258,runeasgar
1111326,dave.hussey
1115416,svettes
1117498,bipink8
1122042,carlos.burgueÃ±o
1126486,ivanaldavert
1128182,wheatpenny
1133888,maximilianmikus
1134002,deetergp
1136344,chrisgross
1136928,dreambubbler
1144774,kendallsv
1144866,wesruv
1145950,yannisc
1153644,ytsurk
1159692,vaibhavjain
1160760,suresh7787
1161294,GDrupal
1167326,Cottser
1169056,facine
1171752,drupallerina
1175178,Irisibk
1177822,rakesh.gectcr
1179164,sebasvdkamp
1180588,cyborg_572
1181510,martins.bertins
1183748,geberele
1184486,lizzjoy
1186250,mirie
1188874,rbilinda
1190096,craychee
1195752,Konstantin Komelin
1196658,DnaX
1198144,jibran
1198492,bhanuchawla
1198536,jmoughon
1203298,hosef
1205344,Karel Bemelmans
1206650,ckrina
35733,catch
29191,douggreen
1,Dries
693738,Fabianx
23,moshe weitzman
180064,System Message
10,Steven
243897,mauritsl
2,Kjartan
1678604,moshe
66894,stella
831,JonBob
92012,Moshe
147331,zzolo
94675,nnewton
33420,aaron
937918,walker
83,Gerhard Killesreiter
4382,rfsbsb
26979,merlinofchaos
35821,quicksketch
19668,Owen Barton
16496,eaton
4299,Jose Reyero
426416,hefox
1347126,ACF
237876,dlhubler
8355,ixis.dylan
1531,walkah
11703,ankur
1274,anarcat
153206,mig5
25701,mfer
54020,tecto
351784,Alexander Allen
77539,smerrill
81488,matason
75278,msonnabaum
2471030,cthos
384600,flailingmaster
78040,effulgentsia
551362,mr_scumbag
51132,ultimike
9034,Morbus Iff
2840,zacker
646152,Khalid
124982,David_Rothstein
18703,Amazon
4426,Boris Mann
747772,Meriial
24153,cristenperks
690026,monalisa_ny
250093,bryanhirsch
2945497,erangakm
104126,urbanturk
1850070,cilefen
1463982,heddn
17190,jjeff
2275,matt westgate
45874,KarenS
79230,eojthebrave
181494,miche
307398,jponch
31022,q0rban
75906,John Resig
59025,sirkitree
222746,dougvann
105174,discipolo
53081,bdragon
5449,robertDouglass
22079,hunmonk
59115,LizaK
2345274,leisa
406552,Everett Zufelt
66163,floretan
237602,rdouglas
1337,adrian
22211,Damien Tournoud
560640,lynn
43313,samcohen
489442,abelb
72806,VMII
301087,halstead
16188,canen
959,gordon
56282,pingers
240280,lindsayo
1128518,matthews-dupe
518662,azinck
654480,wwhurley
12363,jbrauer
57511,amitaibu
19631,bonobo
91319,alpritt
471666,markboulton
1157256,Tezza
76919,horncologne
238536,learningdrupal
53667,highermath
276718,jwalpole
75070,wesku
1197044,theMusician
2799359,lshey
282446,mikeytown2
1184594,tpmcgee
944314,danmcewan
173521,alxp
215342,pbuyle
41517,liorkesos
182721,Haza
272140,damz
15091,Allie Micka
1773,emmajane
166383,chrisshattuck
1047248,leenx
123163,mckeen_greg
830042,ivanbreet
67660,robeano
179805,stevector
81067,becw
32143,Richard Archer
201043,ellahikamran
107701,joachim
99644,Steven Jones
2239,adrinux
321496,manarth
35739,adub
93429,psynaptic
172759,alarcombe
274980,tayzlor
336031,Dean Reilly
2287388,Thibaud G
768282,pacproduct
22202,dopry
109542,JuliaKM
912356,kayelle
2439296,holly.ross.drupal
683300,benjifisher
112278,batsonjay
65676,mortendk
67977,zroger
59351,nicholasThompson
77375,bleen18
840556,kmoll
47566,dmitrig01
27072,Nick Lewis
282537,jonskulski
50674,chachasikes
100456,bangpound
386087,Stefan Freudenberg
44756,sugree
2104556,emma.maria
1879760,idebr
595250,christianchristensen
98581,travist
183932,randallknutson
373605,mundanity
125814,clemens.tolboom
449000,helmo
58897,jredding
49940,andrewlevine
761344,fubhy
213574,fmitchell
60936,jeffrey.dalton
47098,phayes
183018,katiebot
31033,Shiny
372772,eosrei
6521,benshell
33667,lyricnz
1037606,ericthelast
2412664,lostkangaroo
31977,meba
250993,Glenn Hilton
19836,the greenman
254778,webflo
1467782,fabpot
33290,starbow
595658,murrayw
1825768,jonhatan
93254,David Strauss
92096,Todd Nienkerk
331594,erik.summerfield
101665,jaydubb181
615672,rocketeerbkw
37286,bdziewierz
5212,crunchywelch
67296,advosuzi
10083,ekes
14572,kkaefer
172120,robschmitt
46483,Kpolymorphic
98079,Andrew M Riley
276290,JCL324
275808,BLadwin
74425,willfe
192989,xentek
1682402,thomasgick
567694,sebas5384
412650,rafaelcaceres
36942,stBorchert
30957,thinkinkless
352587,pkiraly
58645,snufkin
591932,droplet
454444,BMDan
278450,justin2pin
697210,cableman0408
694726,magnify
58666,johsw
96935,mike ryan
168251,tizzo
118406,farriss
1431110,pameeela
3235635,adamrichard
1198438,olofjohansson
80733,Pasqualle
59702,fuerst
257311,ygerasimov
1508390,jamesharv
115444,benclark
464624,ishmael-sanchez
18219,OpenChimp
27802,cyberswat
139334,Rick Nashleanas
63775,Carlitus
118449,ilo
16581,robertgarrigos
19501,paranojik
448086,hernani
391852,cmcintosh
234612,spirodon
458578,eft
89512,nadavoid
63155,csevb10
657848,spotzero
222241,level09
38580,beejeebus
361698,sir_squall
147188,catorghans
9371,havran
501688,eric.napier
774070,jurcello
125473,develCuy
631904,KarimB
359937,xamanu
10297,cfennell
19044,dgorton
72958,davexoxide
402562,sheise
184408,mmilano
95964,dbassendine
89684,netw3rker
103935,Zarabadoo
264833,yhahn
31731,jmiccolis
255704,fabsor
45934,Mojah
367701,dwkitchen
16132,kotnik
628748,FatherShawn
61873,Rok Å½lender
13085,Sheldon Rampton
103796,Deciphered
37679,sign
56154,wojtha
338433,pokurek
392906,ashedryden
157079,mradcliffe
125573,tom_o_t
17157,David Lesieur
160468,pfournier
159141,himerus
118452,timcosgrove
616192,mpotter
162305,arithmetric
66207,jkopel
32696,GregoryHeller
17995,jwalling
52557,Scott Falconer
49385,David Stosik
632564,Pomliane
29137,acstewart
385042,drnikki
2375,jvandyk
364178,fearlsgroove
151344,davidwhthomas
787114,KarinG
246646,science
358731,wiifm
1036766,acbramley
727580,kenwoodworth
89718,Aaron Stanush
79082,ceardach
218671,Steven Merrill
66162,bmcmurray
470032,thesleuth
1817468,rjtownsend
317704,shawn_smiley
198090,dago.aceves
216107,alexjarvis
80260,gcassie
83205,grom358
70688,bdimaggio
684452,nate_craddock
50717,trunks
25348,JordiTR
1358080,patrickd
201798,mbutcher
779688,jklmnop
229048,axel.rutz
124705,mkalkbrenner
213025,kanted
471650,marpic
57130,Ravi.J
1295980,typhonius
294937,-enzo-
5622,flavor
1799550,Jitesh Doshi
1511704,friendlymachine
962636,energee
1616656,aczietlow
79076,gonz
191339,junedkazi
187099,jamesfk
467284,DYdave
78134,litwol
350460,netsensei
653384,bhamblok
717826,svdhout
57894,mordonez
1231448,c31ck
154797,tobby
195461,courtney.adesile
1499798,davidsonjames
1564318,alvar0hurtad0
55341,SubOracle
488704,friera
68284,mitchell
1312210,fmizzell
372123,TechNikh
14944,sethcohn
104631,suryanto
24167,dandaman
87885,greenmachine
168934,Paul Johnson
245817,indytechcook
8859,perusio
1345130,kristiaanvandeneynde
118637,jpoesen
101816,Liam McDermott
157498,j4h8
47874,stephthegeek
1828874,Saisai
89146,abdu
192534,MMachnik
239700,RSTaylor
144965,chrisyates
100420,Mark Elster
1540340,soulstorm
430759,erykmynn
114508,Susan Rust
450370,afreeman
48877,kreynen
33528,jlmeredith
346823,bryrock
809684,fadeddata
262043,azuledu
398572,chia
148756,alasda
293443,kbell
611528,desmondmorris
40977,codexmas
114741,sjpatrick
624754,tlattimore
163643,jcfiala
319409,cedarm
991204,andrisek
633124,devaraj-dupe
277221,tregismoreira
27805,pedrofaria
46104,jbrown
195063,a_c_m
80388,rizqi
628398,vollepeer
198838,Alan D.
254160,dudenhofer
24286,btopro
249748,nateswart
1175666,kerasai
2743481,franksj
99872,rich.yumul
281751,ChristophWeber
16102,jpklein
1837556,yanniboi
54892,Brock
401559,lieb
395289,fenns
42239,rickvug
35997,alanburke
51467,incrn8
1524200,kristofferwiklund
4736,Ian Ward
105002,attiks
305669,mrfelton
55005,kvantomme
116305,skwashd
773216,gumanist
428960,itarato
1152646,adamzimmermann
1468898,guschilds
80531,apotek
754304,tpitre
72012,JosÃ© San Martin
25523,wundo
1253098,aheredia
1241698,cristobalgp
123766,Pedro Lozano
617756,wroxbox
80954,Sean Buscay
875050,mikebrooks
145945,scottrigby
130486,jp.stacey
301925,Sumeet.Pareek
299607,basant
105066,zero2one
246492,longwave
1652472,drupwash
172845,pshahmumbai
381064,veometta
90604,pcorbett
499438,pixelmord
212904,andreiashu
1011436,ParisLiakos
1225098,jlbellido
239519,jandrews
231558,emcoward
63999,znerol
99012,jstoller
605216,feargal.o.kane
420631,mcrittenden
28016,Antti
110263,lunatic
36598,joelstein
237482,my-family
168159,duellj
26069,Jeff Veit
584858,David HernÃ¡ndez
1819482,vitalik_m
669530,iSampo
157732,juhaniemi
515884,tcmug
2416724,mitchmiller
1412036,nick_schuch
134410,boztek
31698,xtfer
272310,rcaracaus
627278,mkostrzewa
135234,jptaranto
26666,jimyhuang
40894,plutado
92967,nrambeck
640024,tekante
347249,chales
8566,enzo
182491,nartavia
155304,WorldFallz
158025,patobrien
380305,sheena_d
72815,ronan
396333,bombo
41070,pivica
986538,Dries Buytaert
742906,Kartagis
737486,pifantastic
297068,naxoc
195064,andershal
195493,timhilliard
341265,pixelite
15016,mvc
99149,justintime
1133464,Enzo
1093160,www.drupal.org
19822,bc
1639580,osinet
2901211,hchonov
200188,ronald_istos
253909,acrollet
388424,tannerg
1724654,mwhite
615130,kbk
54611,bsnodgrass
678770,jmolivas
2899677,isntall
54034,hestenet
2689807,B_man
115500,cesarmiquel
262938,lmingarro
68426,gchaix
1189254,jonraedeke
432430,Nneka
368854,generalredneck
860806,clayfreeman
371450,timaholt
83352,_andrew
1564666,natemow
53995,alex_b
772738,rbayliss
1636348,jiff
271491,maciej.zgadzaj
25382,seanbfuller
478028,sherakama
573680,wjackson
566926,amarnus
80423,lor
37340,burningdog
423887,jromine
17089,Chris Charlton
133720,johnvsc
51103,fl3a
189123,e2thex
383630,tirdadc
855980,jec006
69284,Darko
1386596,FluxSauce
493050,Liam Morland
388787,patcon
1666662,anandps
2332704,nyancat
2351002,anna tsulun
1811532,atsulun
3006119,George Payne
3200081,abrown_12
12564,recidive
335044,pohjaton
371412,benreed83
234004,igor.ro
536144,mmironenko
329125,Dmitriy.trt
64620,joestewart
89208,chayner
9777,bryan kennedy
1074930,stovak
58834,otsuarez
1116218,piyuesh23
17111,laken
61137,arvinsingla
11015,andremolnar
3589,darko
8852,frans
333731,helior
428706,dhoffman
137882,dragonwize
86683,Island Usurper
1826778,SpadXIII
59710,DeFr
118258,slybud
1156086,AndrewsizZ
302791,manuelBS
315225,nicoloye
120058,codi
690914,Lendude
1289762,Bram Rongen
48424,infojunkie
29699,hedgemage@www.binaryredneck.net
1150660,CodeRhino
255263,kevinwal
622308,msypes
329006,Ari Gold
384714,pwall
1184088,philosurfer
226441,rkeppner
253444,mwrather
133572,kappaluppa
18042,kurkuma
359879,kepesv
16678,TBarregren
124707,Carsten MÃ¼ller
1433006,aburke626
706560,GaxZE
1837932,loziju
390898,jchin1968
324696,Jaypan
26746,michaelthirteen
285141,Feng-Shui
1037580,MaxMendez
361625,zuuperman
882424,stevenator
218937,pedrorocha
80469,thsutton
1852732,benjy
567986,Pierco
99280,RoloDMonkey
430909,junipllc
369262,bfr
400971,jrowny
49137,michaelfavia
112208,ptitb
1290250,kkuhnen
28366,rho
1012428,neilkent
1217894,michaellenahan
72031,ncameron
356249,citlacom
226013,carsonblack
324393,lnunesbr
96647,grendzy
600756,vosechu
89118,spearhead93
58331,casmaron
1108,andrewl
928636,paul.linney
245635,arnested
331389,kasperg
382126,nyirocsaba
2853823,chris.darke
279352,gabrielu
1579186,jojonaloha
2421180,pblissmt
358753,maartendeblock
2339074,robin.ingelbrecht
390447,kleinmp
71291,deviantintegral
615306,mheinke
83385,petrica.martinescu
195325,frosev
550110,e0ipso
398315,bobodrone
142419,lefnire
42579,cosmicdreams
1283668,jcarballo
636494,michaellander
894934,switzern
1359374,guntervs
1208238,johan.gant
146755,vtsan
282666,johngriffin
33827,James Andres
214723,drhino
65793,socketwench
274084,jmauricio
334568,drpl
844718,huslabs
47405,texas-bronius
404350,mistermarco
310419,hyperboy
225592,irinaz
158583,John Bickar
746636,meganem
192617,asanchez75
1791830,dcam
35936,rcross
211722,ryandekker
113372,henrrrik
37075,zoo33
786032,Fidelix
12856,nevets
597820,ChrisRut
13896,pbull
61512,Jonathan Webb
163285,nielsvm
1159450,GRO
669820,ieddu
485280,kaasi
20694,Michael Hofmockel
248999,askibinski
787856,e.huijs
2317482,mvwensen
2416470,mglaman
313537,freelock
191974,kenorb
146055,jgraham
5427,pdcarto
1746814,pbarabe
261788,willvincent
108010,bryancasler
1973030,spesic
1945102,Kalpana
26914,Brian
25349,Suzanne
472348,Hari
495702,Dan
5277,Tom
411684,dianamontalion
753372,gdruckman
47512,rump
522252,starshaped
273423,gauravkumar87
414154,pavithra.raman
188174,sunitgala
801596,MrMaksimize
943656,wamilton
769014,brajendrasingh
122862,onelittleant
154546,melsawy
220947,rvarkonyi
1159696,sidharthap
738526,Clive
120013,dstuart
696648,acrazyanimal
181428,tgeller
23887,bessone
279264,univate
57294,yrocq
178983,samuelsov
1483672,jsbalsera
313382,Rob C
2784555,viktor.lovas
51357,gbernier
1324348,rsmylski
162123,johnlutz
334263,rbjarnason
566584,danlinn
708168,AaronA
39694,trevortwining
222673,kay_v
782568,rajarju
389053,sijumpk
30161,garrettc
514046,ijf8090
2542304,seregatte
195684,sphism
1344166,bircher
449382,myvo
1835386,m1r1k
257505,kostask
794756,dotmike
73239,deverman
547530,adriancruz
383424,mr.baileys
55607,arh1
18893,nicelobster
835788,Annabella
1173524,Kate Miller
637420,matsearle
566194,sankatha
111381,ryck
118428,mherchel
649432,PieIsGood
30772,Darren Oh
511834,wesnick
448764,Rajan M
399718,Sagar Ramgade
243418,dealancer
645760,xandeadx
49989,Bevan
1114264,tuutti
63409,Reg
240748,solotandem
373603,Letharion
1248398,mariancalinro
551886,stefan.r
2229734,densolis
2229322,C13L0
75252,weitzman
708140,schiavone
586244,stewart.adam
1493910,allabakash.g
615968,sridharpandu
759956,siva.thanush
219000,tomrenner
499722,shady_gun
514222,Frans
167047,pribeh
14474,mikgreen
642098,iainp999
317097,lord_of_freaks
145609,urwen
1062374,chrishks
1399638,kalabro
42040,gionn
2353864,sardara
751222,jhodgson
380865,Baber Javed
591926,rerooting
211376,z3cka
382101,kristofvanroy
553532,jasperknops
201482,stijndm
